annual_return,sharpe_ratio,max_drawdown,total_return,win_rate,viable_pairs,trading_days
347.82157874301436,2.0030341089905597,-86.99892747326288,1217.6212124301242,49.797570850202426,30,741
